EuphemismID,lang,topic,topicEnglish,EuphemismTerm,DirectTerm
E-00001,aceh,Kehamilan,Pregnancy,alat kelamin,Boh Pek
E-00002,aceh,Vagina,Vagina,alat keulamin,Boh Pek
E-00003,aceh,Candidiasis,Candidiasis (Yeast Infection),alat reproduksi,Boh Pek
E-00004,aceh,Benjolan Payudara,Breast Lump,asi,Ie Mom
E-00005,aceh,Kehamilan,Pregnancy,ata gobnyan,Boh Kreh
E-00006,aceh,Menstruasi,Menstruation,ata lon nyan,Boh Pek
E-00007,aceh,Endometriosis,Endometriosis,ata nyan,Boh Pek
E-00008,aceh,Vaginitis,Vaginitis,bagah na aneuk,Mume
E-00009,aceh,Benjolan Payudara,Breast Lump,bak,Toh Iek
E-00010,aceh,Menopause,Menopause,bercinta,Meuhubungan Sex
E-00011,aceh,Candidiasis,Candidiasis (Yeast Infection),berhubungan,Meuhubungan Sex
E-00012,aceh,Kanker Serviks,Cervical Cancer,berhubungan intim,Meuhubungan Sex
E-00013,aceh,Kanker Serviks,Cervical Cancer,berhubungan ngon linto,Meuhubungan Sex
E-00014,aceh,Endometriosis,Endometriosis,berhubungan sek,Meuhubungan Sex
E-00015,aceh,Kehamilan,Pregnancy,berpelukan,Meu Uem
E-00016,aceh,Amenorrhea,Amenorrhea,buleun,Men
E-00017,aceh,Hormon,Hormones / Hormonal Disorders,cairan kuneng,Leunde Kuneng
E-00018,aceh,Hormon,Hormones / Hormonal Disorders,cak-cak darah,Men
E-00019,aceh,Vagina,Vagina,daerah kewanitaan,Boh Pek
E-00020,aceh,Menstruasi,Menstruation,daid,Men
E-00021,aceh,Kehamilan,Pregnancy,darah coklat,Men
E-00022,aceh,Endometriosis,Endometriosis,darah haid,Men
E-00023,aceh,Vaginitis,Vaginitis,datang buleun,Men
E-00024,aceh,Menstruasi,Menstruation,dipeutubiet di lua,Ditubiet i lua
E-00025,aceh,Menstruasi,Menstruation,dipeutubiet idalam,Ditubiet idalam
E-00026,aceh,Menstruasi,Menstruation,dipeutubiet sprema,Dipeutubiet Sperma
E-00027,aceh,Kehamilan,Pregnancy,ditamong,Dipeutamong kreh
E-00028,aceh,Menstruasi,Menstruation,ditubiet atanya idalam,Ditubiet Sperma
E-00029,aceh,Candidiasis,Candidiasis (Yeast Infection),ditubiet darah,Men
E-00030,aceh,Menstruasi,Menstruation,ditubiet dilua,Itubiet i lua
E-00031,aceh,Kehamilan,Pregnancy,ditubiet idalam,Itubiet i lua
E-00032,aceh,Endometriosis,Endometriosis,flek coklat,Flek Coklat
E-00033,aceh,Menstruasi,Menstruation,geupeutubiet di lua,I peutubiet i lua
E-00034,aceh,Menstruasi,Menstruation,geuputubiet di lua,I peutubiet i lua
E-00035,aceh,Aborsi,Abortion,golom ingin na keturunan,Tunda na aneuk
E-00036,aceh,Endometriosis,Endometriosis,golom meunikah,Golom kawen
E-00037,aceh,Endometriosis,Endometriosis,golom nikah,Golom kawen
E-00038,aceh,Aborsi,Abortion,gugor kandongan,Gugor
E-00039,aceh,Kehamilan,Pregnancy,haed,Men
E-00040,aceh,Endometriosis,Endometriosis,haid,Men
E-00041,aceh,Kehamilan Ektopik,Ectopic Pregnancy,halagan,Men
E-00042,aceh,Endometriosis,Endometriosis,halanga,Men
E-00043,aceh,Amenorrhea,Amenorrhea,halangan,Men
E-00044,aceh,Menstruasi,Menstruation,halangan/darah,Men
E-00045,aceh,Menstruasi,Menstruation,halangan/pendarahan,Men
E-00046,aceh,Menstruasi,Menstruation,halngan,Men
E-00047,aceh,Endometriosis,Endometriosis,hamil,Mume
E-00048,aceh,Hamil Anggur,Molar Pregnancy,hb,Meuhubungan Sex
E-00049,aceh,Menstruasi,Menstruation,hlangan,Men
E-00050,aceh,Endometriosis,Endometriosis,hubungan,Meuhubungan Sex
E-00051,aceh,Kehamilan,Pregnancy,hubungan badan,Meuhubungan Sex
E-00052,aceh,Endometriosis,Endometriosis,hubungan intim,Meuhubungan Sex
E-00053,aceh,Endometriosis,Endometriosis,intim,Meuhubungan Sex
E-00054,aceh,Endometriosis,Endometriosis,kandongan,Mume
E-00055,aceh,Endometriosis,Endometriosis,keguguran,Gugor
E-00056,aceh,Kista Ovarium,Ovarian Cyst,kemaluan,Boh Pek
E-00057,aceh,Kehamilan,Pregnancy,keputihan tapi encer,Leunde puteh ence
E-00058,aceh,Kanker Serviks,Cervical Cancer,keputihan warna coklat,Leunde Coklat
E-00059,aceh,Kanker Payudara,Breast Cancer,keturunan,Aneuk
E-00060,aceh,Menstruasi,Menstruation,klimaks jih memang idalam,Klimak i dalam
E-00061,aceh,Kanker Serviks,Cervical Cancer,malam pernikahan,Malam phon
E-00062,aceh,Menstruasi,Menstruation,mehubungan,Meuhubungan Sex
E-00063,aceh,Kista Ovarium,Ovarian Cyst,melakukan hubungan,Meuhubungan Sex
E-00064,aceh,Vagina,Vagina,melakukan sex,Meuhubungan Sex
E-00065,aceh,Endometriosis,Endometriosis,menstruasi,Men
E-00066,aceh,Endometriosis,Endometriosis,meu cewek,Meucewek
E-00067,aceh,Menstruasi,Menstruation,meu hubungan,Meuhubungan Sex
E-00068,aceh,Menopause,Menopause,meucinta,Meuhubungan Sex
E-00069,aceh,Menstruasi,Menstruation,meuhubunagn intim,Meuhubungan Sex
E-00070,aceh,Kehamilan,Pregnancy,meuhubunga,Meuhubungan Sex
E-00071,aceh,Amenorrhea,Amenorrhea,meuhubungan,Meuhubungan Sex
E-00072,aceh,Kehamilan,Pregnancy,meuhubungan badan,Meuhubungan Sex
E-00073,aceh,Kanker Serviks,Cervical Cancer,meuhubungan intim,Meuhubungan Sex
E-00074,aceh,Kanker Serviks,Cervical Cancer,meuhubungan ngen linto lon,Meuhubungan Sex
E-00075,aceh,Endometriosis,Endometriosis,meuhubungan ngon,Meuhubungan Sex
E-00076,aceh,Menopause,Menopause,meuhubungan ngon linto,Meuhubungan Sex
E-00077,aceh,Amenorrhea,Amenorrhea,meuhubungan ngon linto lon,Meuhubungan Sex
E-00078,aceh,Kanker Serviks,Cervical Cancer,meuhubungan ranjang,Meuhubungan Sex
E-00079,aceh,Candidiasis,Candidiasis (Yeast Infection),meuhubungan sek,Meuhubungan Sex
E-00080,aceh,Kehamilan,Pregnancy,meuhubungan sek ngon pasangan,Meuhubungan Sex
E-00081,aceh,Kanker Serviks,Cervical Cancer,meuhubungan seks,Meuhubungan Sex
E-00082,aceh,Hamil,Pregnant,meuhubungan suami istri,Meuhubungan Sex
E-00083,aceh,Menstruasi,Menstruation,meuhugungan,Meuhubungan Sex
E-00084,aceh,Vaginosis,Vaginosis,meuhungan,Meuhubungan Sex
E-00085,aceh,Menstruasi,Menstruation,meulakukan hubungan,Meuhubungan Sex
E-00086,aceh,Kehamilan,Pregnancy,meuninggai lam kandong,Gugor
E-00087,aceh,Kista Ovarium,Ovarian Cyst,meurumoh tangga,Meukawen
E-00088,aceh,Menstruasi,Menstruation,meutumeung,Troh Men
E-00089,aceh,Endometriosis,Endometriosis,miss v,Boh Pek
E-00090,aceh,Kanker Serviks,Cervical Cancer,ml,Meuhubungan Sex
E-00091,aceh,Kista Ovarium,Ovarian Cyst,momongan,Aneuk
E-00092,aceh,Menstruasi,Menstruation,muhubungan,Meuhubungan Sex
E-00093,aceh,Endometriosis,Endometriosis,na sinyak,Na aneuk
E-00094,aceh,Vaginosis Bakterialis,Bacterial Vaginosis,organ intim,Boh Pek
E-00095,aceh,Vaginosis Bakterialis,Bacterial Vaginosis,organ nyan,Boh
E-00096,aceh,Benjolan Payudara,Breast Lump,payudara,Mom
E-00097,aceh,Menstruasi,Menstruation,pd,Mom
E-00098,aceh,Kehamilan,Pregnancy,penis,Boh Kreh
E-00099,aceh,Vagina,Vagina,pepek,Boh Pek
E-00100,aceh,Menstruasi,Menstruation,petting,Meuhubungan Sex
E-00101,aceh,Kehamilan,Pregnancy,peugugor kandongan,Peugugor
E-00102,aceh,Hamil,Pregnant,peutubiet,Peutubiet Sperma
E-00103,aceh,Menstruasi,Menstruation,putubiet sperma,Peutubiet Sperma
E-00104,aceh,Menstruasi,Menstruation,sperma jitubiet i dalam,Sperma ji peutubiet i dalam
E-00105,aceh,Endometriosis,Endometriosis,tespek,Alat tes Mume
E-00106,aceh,Endometriosis,Endometriosis,troh buleun,Troh Men
E-00107,aceh,Vaginitis,Vaginitis,troh buluen,Troh Men
E-00108,aceh,Menstruasi,Menstruation,tubiet idalam,I tubiet i dalam
E-00109,aceh,Candidiasis,Candidiasis (Yeast Infection),ureung inoeng,Inoeng
E-00110,aceh,Preeklamsia,Preeclampsia,urine,Iek
E-00111,aceh,Vagina,Vagina,v,Boh Pek
E-00112,aceh,Candidiasis,Candidiasis (Yeast Infection),vagina,Boh Pek
E-00113,betawi,Menstruasi,Menstruation,alat kelamin,Memek
E-00114,betawi,Kanker Serviks,Cervical Cancer,alat kontrasepsi,Kondom
E-00115,betawi,Candidiasis,Candidiasis (Yeast Infection),alat reproduksi,Memek
E-00116,betawi,Menopause,Menopause,becinte,Seks
E-00117,betawi,Candidiasis,Candidiasis (Yeast Infection),begituan,Seks
E-00118,betawi,Menstruasi,Menstruation,begituan 3,Seks
E-00119,betawi,Menopause,Menopause,begituan ude aktip,Seks sering
E-00120,betawi,Kanker Serviks,Cervical Cancer,belah dalem,Belah dalem
E-00121,betawi,Hormon,Hormones / Hormonal Disorders,berek-berek darah,mencret darah
E-00122,betawi,Kista Ovarium,Ovarian Cyst,berume tangge,Kawin
E-00123,betawi,Kista Ovarium,Ovarian Cyst,daleman,"Beha, kancut"
E-00124,betawi,Hamil Anggur,Molar Pregnancy,dapet,Men
E-00125,betawi,Amenorrhea,Amenorrhea,di pake,Seks
E-00126,betawi,Menstruasi,Menstruation,diperlambat,Mundur
E-00127,betawi,Menstruasi,Menstruation,gugur,Janin mati
E-00128,betawi,Menstruasi,Menstruation,gugurin,Aborsi
E-00129,betawi,Aborsi,Abortion,gugurin kandungan,Aborsi
E-00130,betawi,Menstruasi,Menstruation,halangan,Men
E-00131,betawi,Infeksi Payudara,Breast Infection,inpeksi,Kena
E-00132,betawi,Vaginosis Bakterialis,Bacterial Vaginosis,intim,Seks
E-00133,betawi,Menstruasi,Menstruation,ivf,Bayi tabung
E-00134,betawi,Menopause,Menopause,kaga mude,Tua
E-00135,betawi,Kanker Serviks,Cervical Cancer,kebangetan aktip,Nyerangas
E-00136,betawi,Kanker Serviks,Cervical Cancer,kegiatan ranjang,Seks
E-00137,betawi,Kista Ovarium,Ovarian Cyst,kemaluan,Memek
E-00138,betawi,Infeksi Payudara,Breast Infection,kesumbat,Mampet
E-00139,betawi,Aborsi,Abortion,keturunan,Anak
E-00140,betawi,Hamil,Pregnant,konsultasi,Ngobrol
E-00141,betawi,Menstruasi,Menstruation,konsultasiin,Ngobrol
E-00142,betawi,Menstruasi,Menstruation,kontrasepsi,Kondom
E-00143,betawi,Kanker Serviks,Cervical Cancer,maen,Seks
E-00144,betawi,Amenorrhea,Amenorrhea,mao,Pengen
E-00145,betawi,Menstruasi,Menstruation,mase pertumbuhan,Perawan
E-00146,betawi,Endometriosis,Endometriosis,momongan,Anak
E-00147,betawi,Menstruasi,Menstruation,naeknye,Ngaceng
E-00148,betawi,Amenorrhea,Amenorrhea,netein,Nete
E-00149,betawi,Kanker Serviks,Cervical Cancer,ngelakuin kegiatan ranjang,Ngelakuin seks
E-00150,betawi,Amenorrhea,Amenorrhea,pengaman,Kondom
E-00151,betawi,Menstruasi,Menstruation,pipis,Kencing
E-00152,betawi,Menstruasi,Menstruation,rada berisi,Gendut
E-00153,betawi,Kanker Serviks,Cervical Cancer,rume tangge,Kawin
E-00154,betawi,Hamil Anggur,Molar Pregnancy,tespek,Tespek
E-00155,bugis,Kehamilan,Pregnancy,2 garisi,positif mattampu
E-00156,bugis,Kehamilan,Pregnancy,abbijakku,ana'ku
E-00157,bugis,Kista Ovarium,Ovarian Cyst,abbijaku,ana'ku
E-00158,bugis,Menstruasi,Menstruation,ana dara' mula pekke,ana' dara
E-00159,bugis,Kehamilan,Pregnancy,attampure,mattampu
E-00160,bugis,Kehamilan,Pregnancy,attampurekku,mattampuka
E-00161,bugis,Kehamilan,Pregnancy,attampureng,mattampu
E-00162,bugis,Menstruasi,Menstruation,attampurenge,mattampu
E-00163,bugis,Menstruasi,Menstruation,bab,Jambang
E-00164,bugis,Menstruasi,Menstruation,baerhubungan,Kendu
E-00165,bugis,Menstruasi,Menstruation,banjir,maega messu
E-00166,bugis,Kehamilan,Pregnancy,baunna meja,Makebbong
E-00167,bugis,Kanker Payudara,Breast Cancer,bayiku,Ana' lolo
E-00168,bugis,Kanker Payudara,Breast Cancer,benjolan,Mabuccung
E-00169,bugis,Benjolan Payudara,Breast Lump,benjolang,Mabbuccung
E-00170,bugis,Infeksi Payudara,Breast Infection,benjolanna,Mabuccung
E-00171,bugis,Endometriosis,Endometriosis,bercak,Sesa dara
E-00172,bugis,Menopause,Menopause,bercinta,Kendu
E-00173,bugis,Menstruasi,Menstruation,berhububungan,kendu
E-00174,bugis,Kanker Serviks,Cervical Cancer,berhubunga,kendu
E-00175,bugis,Candidiasis,Candidiasis (Yeast Infection),berhubungan,kendu
E-00176,bugis,Kehamilan,Pregnancy,berhubungan badan,ma' kendu
E-00177,bugis,Endometriosis,Endometriosis,berhubungan badang,ma' kendu
E-00178,bugis,Endometriosis,Endometriosis,berhubungan badanga,ma' kendu
E-00179,bugis,Kehamilan,Pregnancy,berhubungan bandang,ma' kendu
E-00180,bugis,Kehamilan,Pregnancy,berhubungan intik,ma' kendu
E-00181,bugis,Kanker Serviks,Cervical Cancer,berhubungan intim,ma' kendu
E-00182,bugis,Kanker Serviks,Cervical Cancer,berhubungan ranjang,ma' kendu
E-00183,bugis,Kanker Serviks,Cervical Cancer,berhubungang,ma' kendu
E-00184,bugis,Kanker Serviks,Cervical Cancer,berhubungang badan,ma' kendu
E-00185,bugis,Endometriosis,Endometriosis,berhubungang badang,ma' kendu
E-00186,bugis,Endometriosis,Endometriosis,berhubungang badanga,ma' kendu
E-00187,bugis,Kehamilan,Pregnancy,berhubunganga,kendu
E-00188,bugis,Kanker Serviks,Cervical Cancer,berhubunganh,kendu
E-00189,bugis,Endometriosis,Endometriosis,dara,cera
E-00190,bugis,Menstruasi,Menstruation,dekresi,Maddoko ati
E-00191,bugis,Endometriosis,Endometriosis,dokoku,Lasaku
E-00192,bugis,Endometriosis,Endometriosis,dua garisi,Positif Mattampu
E-00193,bugis,Endometriosis,Endometriosis,fle,Sesa dara
E-00194,bugis,Menstruasi,Menstruation,fleg,sesa dara
E-00195,bugis,Abortus Imminens,Threatened Abortion,flek,sesa dara
E-00196,bugis,Kehamilan,Pregnancy,flek pendarahan,sesa dara
E-00197,bugis,Menopause,Menopause,flek-flek,sesa dara
E-00198,bugis,Menstruasi,Menstruation,flekmi,sesa dara
E-00199,bugis,Menstruasi,Menstruation,fleksi,sesa dara
E-00200,bugis,Menstruasi,Menstruation,gangguan,kelainang
E-00201,bugis,Menstruasi,Menstruation,garisi 1,de'na mattampu
E-00202,bugis,Kehamilan,Pregnancy,garisi 2,positif mattampu
E-00203,bugis,Kehamilan,Pregnancy,gugurkan,mappalonco
E-00204,bugis,Endometriosis,Endometriosis,haid,maddara
E-00205,bugis,Kehamilan,Pregnancy,hubungan badang,ma' kendu
E-00206,bugis,Vaginismus,Vaginismus,hubungan lakkai bine,berhubungan badang
E-00207,bugis,Kanker Serviks,Cervical Cancer,hubungan seksual,ma'kendu
E-00208,bugis,Kanker Serviks,Cervical Cancer,hubungan suami ister,ma'kendu
E-00209,bugis,Endometriosis,Endometriosis,indokku,emmaku
E-00210,bugis,Menstruasi,Menstruation,jabbakku,jambang
E-00211,bugis,Vagina,Vagina,jerawat,sarussu
E-00212,bugis,Abortus Imminens,Threatened Abortion,keguguran,locco
E-00213,bugis,Endometriosis,Endometriosis,kegugurang,locco
E-00214,bugis,Endometriosis,Endometriosis,keguguranga,locco
E-00215,bugis,Kanker Serviks,Cervical Cancer,kegugurangi,loccoki
E-00216,bugis,Kehamilan,Pregnancy,kehamilan,mattampu
E-00217,bugis,Endometriosis,Endometriosis,kejadiang,appugau
E-00218,bugis,Menstruasi,Menstruation,kra,matojo bawwa
E-00219,bugis,Kanker Serviks,Cervical Cancer,kram,matojo bawwa
E-00220,bugis,Menstruasi,Menstruation,kumadoko-doko,malasa
E-00221,bugis,Candidiasis,Candidiasis (Yeast Infection),lasa,lasa
E-00222,bugis,Kanker Serviks,Cervical Cancer,lisui dipammasena,matei
E-00223,bugis,Kista Ovarium,Ovarian Cyst,ma bbau,makebbong
E-00224,bugis,Candidiasis,Candidiasis (Yeast Infection),mabbau,makebbong
E-00225,bugis,Endometriosis,Endometriosis,macakka,paja
E-00226,bugis,Endometriosis,Endometriosis,macakkana,pajana
E-00227,bugis,Kehamilan,Pregnancy,macareoa,maddara
E-00228,bugis,Candidiasis,Candidiasis (Yeast Infection),macarepa,Maddara
E-00229,bugis,Hormon,Hormones / Hormonal Disorders,macarepaka,maddaraka
E-00230,bugis,Kehamilan,Pregnancy,macarepaku,maddaraku
E-00231,bugis,Menstruasi,Menstruation,macarepana,maddaraku
E-00232,bugis,Menstruasi,Menstruation,macarrepa,maddara
E-00233,bugis,Amenorrhea,Amenorrhea,maccera,maddara
E-00234,bugis,Menstruasi,Menstruation,macera,maddara
E-00235,bugis,Menstruasi,Menstruation,macerap,maddara
E-00236,bugis,Menstruasi,Menstruation,macerapa,maddara
E-00237,bugis,Menstruasi,Menstruation,macerpa,maddara
E-00238,bugis,Endometriosis,Endometriosis,madoko,malasa
E-00239,bugis,Endometriosis,Endometriosis,madoko-doko,malasa
E-00240,bugis,Kista Ovarium,Ovarian Cyst,madoko-dokoka,lasaku
E-00241,bugis,Kehamilan Ektopik,Ectopic Pregnancy,madoko-dokoku,malasaku
E-00242,bugis,Menstruasi,Menstruation,madokoko-doko,malasa
E-00243,bugis,Kista Ovarium,Ovarian Cyst,mamanna,memmana
E-00244,bugis,Kanker Payudara,Breast Cancer,mammana,memmana
E-00245,bugis,Kista Ovarium,Ovarian Cyst,mapaccing,paja maddara
E-00246,bugis,Benjolan Payudara,Breast Lump,mappasusu,mappasusu
E-00247,bugis,Kanker Serviks,Cervical Cancer,mappogau di ranjang e,ma' kendu ri ranjang e
E-00248,bugis,Kanker Serviks,Cervical Cancer,mappogau di ranjange,ma'kendu ri ranjang e
E-00249,bugis,Endometriosis,Endometriosis,maru'rukka,talluwa-luwa
E-00250,bugis,Hormon,Hormones / Hormonal Disorders,masala,kelainang
E-00251,bugis,Kehamilan,Pregnancy,matampu,mallise
E-00252,bugis,Endometriosis,Endometriosis,matojo,mapeddi bawwa
E-00253,bugis,Vaginosis Bakterialis,Bacterial Vaginosis,mattampi,mallise
E-00254,bugis,Abortus Imminens,Threatened Abortion,mattampu,mallise
E-00255,bugis,Kanker Serviks,Cervical Cancer,mattampue,mallise
E-00256,bugis,Endometriosis,Endometriosis,mattampuka,malliseka
E-00257,bugis,Endometriosis,Endometriosis,mattampuki,malliseki
E-00258,bugis,Kehamilan,Pregnancy,mattampukka,malliseka
E-00259,bugis,Kehamilan,Pregnancy,mattampuku,mallise
E-00260,bugis,Kehamilan Ektopik,Ectopic Pregnancy,mattampunna,mallisena
E-00261,bugis,Preeklamsia,Preeclampsia,mattapu,mallise
E-00262,bugis,Kehamilan,Pregnancy,matttampu,mallise
E-00263,bugis,Kanker Serviks,Cervical Cancer,mberhubungang badang,ma' kendu
E-00264,bugis,Kanker Serviks,Cervical Cancer,memana,memmana
E-00265,bugis,Menstruasi,Menstruation,memanna,memmana
E-00266,bugis,Amenorrhea,Amenorrhea,memmana,memmana
E-00267,bugis,Menstruasi,Menstruation,memmanaka,memmanaka
E-00268,bugis,Menstruasi,Menstruation,memmanakku,memmanaka
E-00269,bugis,Kehamilan,Pregnancy,memmna,memmana
E-00270,bugis,Kehamilan,Pregnancy,menstruasi,maddara
E-00271,bugis,Endometriosis,Endometriosis,miss v,sombi
E-00272,bugis,Kanker Serviks,Cervical Cancer,ml,ma'kendu
E-00273,bugis,Kanker Serviks,Cervical Cancer,mual,elo talluwa
E-00274,bugis,Kista Ovarium,Ovarian Cyst,nammanareng,memmana
E-00275,bugis,Kehamilan,Pregnancy,nipas,Pura Mappuan'
E-00276,bugis,Candidiasis,Candidiasis (Yeast Infection),normal,biasa e
E-00277,bugis,Endometriosis,Endometriosis,nyeri,mapeddi
E-00278,bugis,Kanker Payudara,Breast Cancer,nyero,mapeddi
E-00279,bugis,Kehamilan,Pregnancy,obat,fabbura
E-00280,bugis,Vaginosis Bakterialis,Bacterial Vaginosis,organ intim,sombi
E-00281,bugis,Kista Ovarium,Ovarian Cyst,organ vital,lise' laleng
E-00282,bugis,Menstruasi,Menstruation,pammasena puange,pawalei
E-00283,bugis,Kanker Serviks,Cervical Cancer,parellu dipogau,parellu dipogau
E-00284,bugis,Menstruasi,Menstruation,pernikahan,abbottingeng
E-00285,bugis,Menstruasi,Menstruation,pms,maddara
E-00286,bugis,Menstruasi,Menstruation,runtuka perawatan,mabbura
E-00287,bugis,Endometriosis,Endometriosis,seks,berhubungan badang
E-00288,bugis,Endometriosis,Endometriosis,sesa cera,sesa dara
E-00289,bugis,Menstruasi,Menstruation,sesa dar,sesa dara
E-00290,bugis,Menstruasi,Menstruation,sibawakku,silokku
E-00291,bugis,Kehamilan,Pregnancy,sibawaku,sibawakku
E-00292,bugis,Candidiasis,Candidiasis (Yeast Infection),sombong,sombi
E-00293,bugis,Candidiasis,Candidiasis (Yeast Infection),sombongku,sombi
E-00294,bugis,Kehamilan,Pregnancy,susui,susu
E-00295,bugis,Benjolan Payudara,Breast Lump,susuku,susukku
E-00296,bugis,Radang Payudara,Breast Inflammation (Mastitis),susué,susu
E-00297,bugis,Kehamilan,Pregnancy,tampunna,mattampu
E-00298,bugis,Hamil,Pregnant,vagina,Lessi
E-00299,bugis,Menstruasi,Menstruation,vercak,dara massu
E-00300,bugis,Aborsi,Abortion,wija,Ana'
E-00301,bugis,Kista Ovarium,Ovarian Cyst,wijakku,anakku
E-00302,indonesia,Menstruasi,Menstruation,2 garis,hamil
E-00303,indonesia,Kehamilan,Pregnancy,alat kelamin,penis / vagina
E-00304,indonesia,Endometriosis,Endometriosis,bab,berak
E-00305,indonesia,Kanker Serviks,Cervical Cancer,bak,kencing
E-00306,indonesia,Vaginitis,Vaginitis,berbgan badan,berhubungan seks
E-00307,indonesia,Menopause,Menopause,bercinta,berhubungan seks
E-00308,indonesia,Vaginitis,Vaginitis,berhbungan intim,berhubungan seks
E-00309,indonesia,Menstruasi,Menstruation,berhub,berhubungan seks
E-00310,indonesia,Vaginosis,Vaginosis,berhub intim,berhubungan seks
E-00311,indonesia,Kehamilan,Pregnancy,berhubangan,berhubungan seks
E-00312,indonesia,Servisitis,Cervicitis,berhubgan bdan,berhubungan seks
E-00313,indonesia,Candidiasis,Candidiasis (Yeast Infection),berhubungan,berhubungan seks
E-00314,indonesia,Endometriosis,Endometriosis,berhubungan badan,berhubungan seks
E-00315,indonesia,Vaginitis,Vaginitis,berhubungan bdan,berhubungan seks
E-00316,indonesia,Endometriosis,Endometriosis,berhubungan intim,berhubungan seks
E-00317,indonesia,Menstruasi,Menstruation,berhubungan intin,berhubungan seks
E-00318,indonesia,Hamil,Pregnant,berhubungan suami istri,berhubungan seks
E-00319,indonesia,Vaginosis Bakterialis,Bacterial Vaginosis,berhubungn badan,berhubungan seks
E-00320,indonesia,Vaginitis,Vaginitis,berhubungn intim,berhubungan seks
E-00321,indonesia,Menstruasi,Menstruation,berhunbungan,berhubungan seks
E-00322,indonesia,Menstruasi,Menstruation,berhungan,berhubungan seks
E-00323,indonesia,Servisitis,Cervicitis,berhungan badan,berhubungan seks
E-00324,indonesia,Kista Ovarium,Ovarian Cyst,berumah tangga,menikah
E-00325,indonesia,Vaginitis,Vaginitis,brhbungan suami istri,berhubungan seks
E-00326,indonesia,Kanker Serviks,Cervical Cancer,brhubungan,berhubungan seks
E-00327,indonesia,Endometriosis,Endometriosis,buang air besar,berak
E-00328,indonesia,Endometriosis,Endometriosis,buang air kecil,kencing
E-00329,indonesia,Kehamilan,Pregnancy,buang angin,kentut
E-00330,indonesia,Kehamilan,Pregnancy,caps,kondom
E-00331,indonesia,Vaginitis,Vaginitis,co,berhubungan seks
E-00332,indonesia,Vagina,Vagina,daerah kewanitaan,vagina
E-00333,indonesia,Endometriosis,Endometriosis,dapat,menstruasi
E-00334,indonesia,Menstruasi,Menstruation,databg bulan,menstruasi
E-00335,indonesia,Endometriosis,Endometriosis,datang bulan,menstruasi
E-00336,indonesia,Kanker Serviks,Cervical Cancer,datang terlambat bulan,menstruasi
E-00337,indonesia,Endometriosis,Endometriosis,datg bulan,menstruasi
E-00338,indonesia,Menstruasi,Menstruation,dtang bulan,menstruasi
E-00339,indonesia,Vaginitis,Vaginitis,dteng bln,menstruasi
E-00340,indonesia,Endometriosis,Endometriosis,dtg bulan,menstruasi
E-00341,indonesia,Menstruasi,Menstruation,dtng bln,menstruasi
E-00342,indonesia,Kehamilan,Pregnancy,garis 2,hamil
E-00343,indonesia,Menstruasi,Menstruation,garis dua,hamil
E-00344,indonesia,Vaginosis Bakterialis,Bacterial Vaginosis,had,menstruasi
E-00345,indonesia,Menstruasi,Menstruation,haed,menstruasi
E-00346,indonesia,Amenorrhea,Amenorrhea,haid,menstruasi
E-00347,indonesia,Menstruasi,Menstruation,hait,menstruasi
E-00348,indonesia,Kehamilan,Pregnancy,halangan,menstruasi
E-00349,indonesia,Menstruasi,Menstruation,halangannya,menstruasi
E-00350,indonesia,Menstruasi,Menstruation,halngn,menstruasi
E-00351,indonesia,Hamil Anggur,Molar Pregnancy,hb,berhubungan seks
E-00352,indonesia,Menstruasi,Menstruation,hbngn intim,berhubungan seks
E-00353,indonesia,Endometriosis,Endometriosis,head,menstruasi
E-00354,indonesia,Menstruasi,Menstruation,hub,berhubungan seks
E-00355,indonesia,Menopause,Menopause,hub dengan suami,berhubungan seks
E-00356,indonesia,Menstruasi,Menstruation,hub intim,berhubungan seks
E-00357,indonesia,Menstruasi,Menstruation,hub sex,berhubungan seks
E-00358,indonesia,Kanker Serviks,Cervical Cancer,hubungan,berhubungan seks
E-00359,indonesia,Kanker Serviks,Cervical Cancer,hubungan intim,berhubungan seks
E-00360,indonesia,Menstruasi,Menstruation,hubungan rumah tangga,berhubungan seks
E-00361,indonesia,Endometriosis,Endometriosis,intim,berhubungan seks
E-00362,indonesia,Aborsi,Abortion,kandungan,hamil
E-00363,indonesia,Endometriosis,Endometriosis,kb,kontrasepsi
E-00364,indonesia,Amenorrhea,Amenorrhea,kb suntik,kontrasepsi
E-00365,indonesia,Kanker Serviks,Cervical Cancer,kegiatan ranjang,berhubungan seks
E-00366,indonesia,Candidiasis,Candidiasis (Yeast Infection),keputihan,cairan vagina
E-00367,indonesia,Aborsi,Abortion,keturunan,anak
E-00368,indonesia,Menstruasi,Menstruation,kondom,kondom
E-00369,indonesia,Menstruasi,Menstruation,m,menstruasi
E-00370,indonesia,Vagina,Vagina,mis v,vagina
E-00371,indonesia,Candidiasis,Candidiasis (Yeast Infection),miss v,vagina
E-00372,indonesia,Kanker Serviks,Cervical Cancer,ml,berhubungan seks
E-00373,indonesia,Vaginitis,Vaginitis,momogan,anak
E-00374,indonesia,Endometriosis,Endometriosis,momongan,anak
E-00375,indonesia,Menstruasi,Menstruation,morning sick,mual dan muntah di pagi hari
E-00376,indonesia,Vaginitis,Vaginitis,mrs.v,vagina
E-00377,indonesia,Endometriosis,Endometriosis,ms v,vagina
E-00378,indonesia,Vagina,Vagina,ms. v,vagina
E-00379,indonesia,Vaginitis,Vaginitis,ms.v,vagina
E-00380,indonesia,Vaginosis Bakterialis,Bacterial Vaginosis,organ intim,vagina
E-00381,indonesia,Vagina,Vagina,organ v,vagina
E-00382,indonesia,Endometriosis,Endometriosis,pd,payudara
E-00383,indonesia,Endometriosis,Endometriosis,pee,pipis
E-00384,indonesia,Menstruasi,Menstruation,pengaman,kondom
E-00385,indonesia,Prolaps Uterus,Uterine Prolapse,peranakan,rahim
E-00386,indonesia,Menstruasi,Menstruation,perawan,perawan
E-00387,indonesia,Kehamilan,Pregnancy,petting,seksual tanpa penetrasi
E-00388,indonesia,Hormon,Hormones / Hormonal Disorders,pil kb,kontrasepsi
E-00389,indonesia,Menstruasi,Menstruation,pms,menstruasi
E-00390,indonesia,Amenorrhea,Amenorrhea,pngaman,kontrasepsi
E-00391,indonesia,Endometriosis,Endometriosis,poop,berak
E-00392,indonesia,Endometriosis,Endometriosis,puting,pentil payudara
E-00393,indonesia,Menstruasi,Menstruation,satang bulan,menstruasi
E-00394,indonesia,Menstruasi,Menstruation,sc,sesar
E-00395,indonesia,Vaginitis,Vaginitis,sek,berhubungan seks
E-00396,indonesia,Menstruasi,Menstruation,sex,berhubungan seks
E-00397,indonesia,Endometriosis,Endometriosis,suntik kb,kontrasepsi
E-00398,indonesia,Kanker Payudara,Breast Cancer,susu,payudara
E-00399,indonesia,Menstruasi,Menstruation,tamu bulanan,menstruasi
E-00400,indonesia,Menstruasi,Menstruation,tanda keperawanan,selaput dara
E-00401,indonesia,Menstruasi,Menstruation,terlambat bulan,telat mens
E-00402,indonesia,Endometriosis,Endometriosis,tp,testpack
E-00403,indonesia,Vagina,Vagina,v,vagina
E-00404,jawa,Endometriosis,Endometriosis,abortus incomplete,meskram
E-00405,jawa,Kanker Payudara,Breast Cancer,abses,udun
E-00406,jawa,Menstruasi,Menstruation,aku angel ngising,bebelen
E-00407,jawa,Menstruasi,Menstruation,alat kb,kb
E-00408,jawa,Kehamilan,Pregnancy,alat kelamine,sempuk (P)
E-00409,jawa,Candidiasis,Candidiasis (Yeast Infection),alat reproduksiku,sempuk (P)
E-00410,jawa,Endometriosis,Endometriosis,anus,silit
E-00411,jawa,Endometriosis,Endometriosis,appendicitis,usus buntu
E-00412,jawa,Endometriosis,Endometriosis,appendoctomy,oprasi usus buntu
E-00413,jawa,Menstruasi,Menstruation,areola,bunderan pentil
E-00414,jawa,Endometriosis,Endometriosis,bercak,flek
E-00415,jawa,Endometriosis,Endometriosis,bercak getih,flek getih
E-00416,jawa,Radang Payudara,Breast Inflammation (Mastitis),berdenyut,nyut-nyutan
E-00417,jawa,Endometriosis,Endometriosis,bo,meteng kosong
E-00418,jawa,Menstruasi,Menstruation,buncit,njembling
E-00419,jawa,Hormon,Hormones / Hormonal Disorders,cairan,lendir
E-00420,jawa,Menstruasi,Menstruation,cairan abang rodok coklat,flek
E-00421,jawa,Endometriosis,Endometriosis,cairan coklat,lendir coklat
E-00422,jawa,Candidiasis,Candidiasis (Yeast Infection),cairan puteh,lendir puteh
E-00423,jawa,Menstruasi,Menstruation,cek kehamilan,tespek
E-00424,jawa,Vaginitis,Vaginitis,co,kenthu
E-00425,jawa,Vaginitis,Vaginitis,coklat coklat,flek
E-00426,jawa,Menstruasi,Menstruation,dawn effect,kencing manis
E-00427,jawa,Menstruasi,Menstruation,depresi,setres
E-00428,jawa,Kehamilan,Pregnancy,dibuahi,dikenthu
E-00429,jawa,Kehamilan,Pregnancy,dites,ditespek
E-00430,jawa,Hamil,Pregnant,ditokke,ngecrit
E-00431,jawa,Endometriosis,Endometriosis,durung rabi,prawan (P)
E-00432,jawa,Endometriosis,Endometriosis,ejakulasi,metu pejuh
E-00433,jawa,Menstruasi,Menstruation,em kapsul,pil pelancar men
E-00434,jawa,Menstruasi,Menstruation,fam,tumor
E-00435,jawa,Menstruasi,Menstruation,fam' e,tumore
E-00436,jawa,Menstruasi,Menstruation,flek getih hamil,flek meteng
E-00437,jawa,Menstruasi,Menstruation,flek getih hamile,flek meteng
E-00438,jawa,Kehamilan,Pregnancy,flek tanda meteng,flek meteng
E-00439,jawa,Kehamilan,Pregnancy,garis loro,meteng
E-00440,jawa,Endometriosis,Endometriosis,getih metu,pendarahan
E-00441,jawa,Menstruasi,Menstruation,getih tapi ora seger koyok rodok coklat mbek ora akeh,flek coklat
E-00442,jawa,Kehamilan,Pregnancy,hamil,meteng
E-00443,jawa,Menstruasi,Menstruation,hubungan rumah tangga,rabi
E-00444,jawa,Endometriosis,Endometriosis,implan,kb susuk
E-00445,jawa,Vagina,Vagina,infeksi saluran kemih,anyang-anyangen
E-00446,jawa,Kista Ovarium,Ovarian Cyst,ireng reng,ireng
E-00447,jawa,Kista Ovarium,Ovarian Cyst,irt,ibuk
E-00448,jawa,Kanker Serviks,Cervical Cancer,isk,anyang-anyangen
E-00449,jawa,Endometriosis,Endometriosis,iud,kb spiral
E-00450,jawa,Menstruasi,Menstruation,jalan keluare,solusine
E-00451,jawa,Kehamilan,Pregnancy,janin,jabang bayi
E-00452,jawa,Candidiasis,Candidiasis (Yeast Infection),jerawat,kukul
E-00453,jawa,Menstruasi,Menstruation,jerawate,kukule
E-00454,jawa,Menstruasi,Menstruation,jerawaten,kukulen
E-00455,jawa,Vagina,Vagina,jilbabku,kudungku
E-00456,jawa,Kanker Serviks,Cervical Cancer,jrendelan,jrendelan
E-00457,jawa,Kehamilan,Pregnancy,jrendelan getih,jrendelan getih
E-00458,jawa,Kehamilan Ektopik,Ectopic Pregnancy,kantong pipisku,kantong uyuh
E-00459,jawa,Endometriosis,Endometriosis,kebutuhan biologisku,kebutuhan sex
E-00460,jawa,Vagina,Vagina,kecelakaan montor,tabrakan
E-00461,jawa,Menstruasi,Menstruation,kedawan-dawan,ora rampung-rampung
E-00462,jawa,Kehamilan,Pregnancy,kehamilan,meteng
E-00463,jawa,Kehamilan,Pregnancy,kehamilane,metenge
E-00464,jawa,Aborsi,Abortion,keturunan,anak
E-00465,jawa,Menstruasi,Menstruation,klimak'e,ngecrit
E-00466,jawa,Menstruasi,Menstruation,klimaks,ngecrit
E-00467,jawa,Candidiasis,Candidiasis (Yeast Infection),klitoris,itil
E-00468,jawa,Endometriosis,Endometriosis,leucocytes,getih putih
E-00469,jawa,Kanker Serviks,Cervical Cancer,malam.pernikahan,midodareni
E-00470,jawa,Menstruasi,Menstruation,mammae'ne,susu
E-00471,jawa,Kehamilan,Pregnancy,manuk,kontol
E-00472,jawa,Kanker Payudara,Breast Cancer,mastitis,mbangkak'i
E-00473,jawa,Endometriosis,Endometriosis,masturbasi,ngeloco
E-00474,jawa,Candidiasis,Candidiasis (Yeast Infection),metu,ngecrit
E-00475,jawa,Endometriosis,Endometriosis,metu getih,pendarahan
E-00476,jawa,Kehamilan Ektopik,Ectopic Pregnancy,metu getih sitik,flek
E-00477,jawa,Endometriosis,Endometriosis,metu getihe,pendarahane
E-00478,jawa,Kanker Serviks,Cervical Cancer,metu getihe sitik,flek
E-00479,jawa,Menstruasi,Menstruation,metuh getih,pendarahan
E-00480,jawa,Kanker Payudara,Breast Cancer,mlebu,kenthu
E-00481,jawa,Endometriosis,Endometriosis,momongan,anak
E-00482,jawa,Menstruasi,Menstruation,morning pill,kondar
E-00483,jawa,Kehamilan,Pregnancy,nangis wae,gembeng
E-00484,jawa,Candidiasis,Candidiasis (Yeast Infection),ngetokke,ngecrit
E-00485,jawa,Kehamilan,Pregnancy,ngetokke sperma,ngecrit
E-00486,jawa,Menstruasi,Menstruation,nggugurke anak,aborsi
E-00487,jawa,Menstruasi,Menstruation,ngugurke kandungan,aborsi
E-00488,jawa,Menstruasi,Menstruation,ninggal,mati
E-00489,jawa,Menstruasi,Menstruation,ninggal ning njero kandungan,keguguran
E-00490,jawa,Menstruasi,Menstruation,noda coklat,flek coklat
E-00491,jawa,Kista Ovarium,Ovarian Cyst,omah omah,rabi
E-00492,jawa,Menstruasi,Menstruation,operasi varikokel,oprasi tedun
E-00493,jawa,Menstruasi,Menstruation,ora kempes,njembling
E-00494,jawa,Kehamilan,Pregnancy,oral sex,nyepong
E-00495,jawa,Endometriosis,Endometriosis,orgasme,ngecrit
E-00496,jawa,Endometriosis,Endometriosis,ovulasi,masa subur
E-00497,jawa,Menstruasi,Menstruation,pasutri,bebojoan
E-00498,jawa,Menstruasi,Menstruation,pembalut,softek
E-00499,jawa,Menstruasi,Menstruation,pembantu,babu
E-00500,jawa,Kehamilan,Pregnancy,pendarahan sing sitik,flek
E-00501,jawa,Kehamilan,Pregnancy,pendarahan sitik banget,flek
E-00502,jawa,Amenorrhea,Amenorrhea,pengaman,kondom
E-00503,jawa,Menstruasi,Menstruation,pengen mangan panganan sing pedes,nyidam
E-00504,jawa,Menstruasi,Menstruation,pengen mangan tertentu,nyidam
E-00505,jawa,Hormon,Hormones / Hormonal Disorders,pernikahan,rabi
E-00506,jawa,Kehamilan,Pregnancy,petting,grepe
E-00507,jawa,Menstruasi,Menstruation,pil tuntas,pil pelancar men
E-00508,jawa,Menstruasi,Menstruation,program suntik kb,suntik kb
E-00509,jawa,Kehamilan,Pregnancy,promol,promil
E-00510,jawa,Menstruasi,Menstruation,rambut-rambut alus,jembut
E-00511,jawa,Menstruasi,Menstruation,rodok berisi,lemu
E-00512,jawa,Endometriosis,Endometriosis,rodok coklat,semu coklat
E-00513,jawa,Menstruasi,Menstruation,salah pergaulan,salah gaul
E-00514,jawa,Kanker Serviks,Cervical Cancer,selaput dara,keprawanan
E-00515,jawa,Vaginitis,Vaginitis,semi sek,grepe
E-00516,jawa,Candidiasis,Candidiasis (Yeast Infection),sempuk,sempuk
E-00517,jawa,Kehamilan,Pregnancy,sensitif,cilik ati
E-00518,jawa,Endometriosis,Endometriosis,servik,servik
E-00519,jawa,Menstruasi,Menstruation,sex bebas,kumpul kebo
E-00520,jawa,Menstruasi,Menstruation,sing kedawan dawan,ora rampung-rampung
E-00521,jawa,Menstruasi,Menstruation,skizofrenia paranoid,edan
E-00522,jawa,Endometriosis,Endometriosis,sowan,tilik
E-00523,jawa,Menstruasi,Menstruation,sperma,pejuh
E-00524,jawa,Hamil,Pregnant,spermane,pejuhe
E-00525,jawa,Vaginitis,Vaginitis,spiral,spiral
E-00526,jawa,Menstruasi,Menstruation,tanda awal meteng,lekasan
E-00527,jawa,Kehamilan,Pregnancy,tes hamil,tespek
E-00528,jawa,Kehamilan,Pregnancy,tes kehamilan,tespek
E-00529,jawa,Kehamilan,Pregnancy,tes urin,tespek
E-00530,jawa,Menstruasi,Menstruation,wes ngenthu ping piro wae,sering kenthu
E-00531,jawa,Menstruasi,Menstruation,wulu wulu alus,jembut
E-00532,minang,Amenorrhea,Amenorrhea,bahubungan,bahubungan badan
E-00533,minang,Kista Ovarium,Ovarian Cyst,bahubungan bada,bahubungan badan
E-00534,minang,Menstruasi,Menstruation,bahubungan intim,bahubungan badan
E-00535,minang,Endometriosis,Endometriosis,bahubungan seks,bahubungan badan
E-00536,minang,Endometriosis,Endometriosis,bahubungan seksual,bahubungan badan
E-00537,minang,Vagina,Vagina,buruang,penis
E-00538,minang,Kehamilan,Pregnancy,buruangnyo,penisnyo
E-00539,minang,Infeksi Payudara,Breast Infection,dapek,men
E-00540,minang,Endometriosis,Endometriosis,datang bulan,men
E-00541,minang,Menstruasi,Menstruation,emn,men
E-00542,minang,Endometriosis,Endometriosis,haid,men
E-00543,minang,Kista Ovarium,Ovarian Cyst,hubungan,bahubungan badan
E-00544,minang,Kehamilan,Pregnancy,hubungan badan,bahubungan badan
E-00545,minang,Menstruasi,Menstruation,iud,KB
E-00546,minang,Kehamilan,Pregnancy,kalahian,malahian
E-00547,minang,Endometriosis,Endometriosis,kb implan,KB
E-00548,minang,Endometriosis,Endometriosis,kb suntik,KB
E-00549,minang,Vagina,Vagina,labia mayora,pepek
E-00550,minang,Kehamilan,Pregnancy,lubang lanciri,lancirik
E-00551,minang,Kanker Serviks,Cervical Cancer,malakuan hubungan,bahubungan badan
E-00552,minang,Menstruasi,Menstruation,managnduang,manganduang
E-00553,minang,Menstruasi,Menstruation,mangandiang,manganduang
E-00554,minang,Hormon,Hormones / Hormonal Disorders,manganduak,manganduang
E-00555,minang,Abortus Imminens,Threatened Abortion,manganduang,manganduang
E-00556,minang,Aborsi,Abortion,mangguguran,mangguguran
E-00557,minang,Menstruasi,Menstruation,mangguguran kadungan,mangguguran kanduangan
E-00558,minang,Aborsi,Abortion,mangguguran kandungan,mangguguran kanduangan
E-00559,minang,Amenorrhea,Amenorrhea,manyusui,manyusui
E-00560,minang,Kista Ovarium,Ovarian Cyst,me,men
E-00561,minang,Menstruasi,Menstruation,mnganduang,manganduang
E-00562,minang,Menstruasi,Menstruation,panaba dindiang rahim,panabaan dindiang rahim
E-00563,minang,Menstruasi,Menstruation,paruik malilik,sakik paruik
E-00564,minang,Endometriosis,Endometriosis,pee,pipis
E-00565,minang,Kehamilan,Pregnancy,pembukaan,pambukaan
E-00566,minang,Endometriosis,Endometriosis,pendarahan,pandarahan
E-00567,minang,Kehamilan,Pregnancy,petting,grepe-grepe
E-00568,minang,Endometriosis,Endometriosis,putiang,putiang
E-00569,minang,Endometriosis,Endometriosis,suntik kb,KB
E-00570,minang,Menstruasi,Menstruation,susunyo,susu inyo
E-00571,sunda,Endometriosis,Endometriosis,abege,rumaja
E-00572,sunda,Menstruasi,Menstruation,anyang anyangan,jeungjeuriheun
E-00573,sunda,Kehamilan,Pregnancy,aya orok dina beuteung,reuneuh
E-00574,sunda,Endometriosis,Endometriosis,bobogohan,bobogohan
E-00575,sunda,Kehamilan,Pregnancy,cacar,plek
E-00576,sunda,Vaginitis,Vaginitis,cacar beureum,getihan
E-00577,sunda,Menstruasi,Menstruation,cacar cacar coklat,plek coklat
E-00578,sunda,Hormon,Hormones / Hormonal Disorders,cacar coklat,plek coklat
E-00579,sunda,Endometriosis,Endometriosis,cacar getih,plek getih
E-00580,sunda,Kehamilan,Pregnancy,cacar warna coklat,plek warna coklat
E-00581,sunda,Kanker Serviks,Cervical Cancer,cai bodas,kaputihan
E-00582,sunda,Kista Ovarium,Ovarian Cyst,cai kiih,ci kiih
E-00583,sunda,Kista Ovarium,Ovarian Cyst,cikiih,ci kiih
E-00584,sunda,Kista Ovarium,Ovarian Cyst,foto beuteung,rongsen
E-00585,sunda,Kista Ovarium,Ovarian Cyst,foto dada,rongsen
E-00586,sunda,Vagina,Vagina,heunceut,memek
E-00587,sunda,Ibu Hamil,Pregnant Mother,hileudeun,hileudeun
E-00588,sunda,Endometriosis,Endometriosis,kaluron,kaluron
E-00589,sunda,Vaginitis,Vaginitis,kikiituan,ewean
E-00590,sunda,Endometriosis,Endometriosis,kikituan,ewean
E-00591,sunda,Endometriosis,Endometriosis,kista,kista
E-00592,sunda,Endometriosis,Endometriosis,mangsa,siklus
E-00593,sunda,Kanker Serviks,Cervical Cancer,mukus,leuleueur
E-00594,sunda,Kanker Serviks,Cervical Cancer,mukusna,leuleueurna
E-00595,sunda,Menstruasi,Menstruation,ngalakukeun eta,ewean
E-00596,sunda,Kanker Payudara,Breast Cancer,oentil susu,pentil susu
E-00597,sunda,Kanker Serviks,Cervical Cancer,pasmir,papsmir
E-00598,sunda,Kanker Serviks,Cervical Cancer,pirus hiv,aids
E-00599,sunda,Endometriosis,Endometriosis,plek,plek
